{"cameraMode":{"drawMode":0,"name":"Shaded","section":"Shading Mode"},"sceneLighting":true,"audioPlay":false,"sceneViewState":{"showFog":true,"showMaterialUpdate":false,"showSkybox":true,"showFlares":true,"showImageEffects":true,"showParticleSystems":true},"in2DMode":false,"pivot":{"x":19.277082443237306,"y":61.31144332885742,"z":-34.60597610473633},"rotation":{"x":0.33085763454437258,"y":-0.03820473328232765,"z":0.013407070189714432,"w":0.9428117275238037},"size":-0.1750025749206543,"orthographic":false}